time;vname;pose;bp0;bp1;bp2;bp3;bp4;bp5;bp6;bp7;bp8;bp9;bp10;bp11;bp12;bp13;bp14;bp15;bp16
0.0;videos/cuts_train/fall01.mp4;walk;(625.0, 212.0);(631.5, 205.5);(619.5, 206.5);(646.0, 208.5);(615.0, 211.5);(669.5, 249.5);(606.5, 253.75);(689.0, 299.5);(592.0, 304.25);(692.0, 350.5);(583.0, 349.0);(657.0, 354.5);(614.5, 354.75);(669.0, 427.75);(612.5, 426.5);(668.5, 489.25);(618.5, 490.75)
0.03;videos/cuts_train/fall01.mp4;walk;(624.0, 212.5);(631.0, 205.5);(618.5, 206.75);(645.5, 209.0);(613.5, 211.5);(668.5, 249.25);(606.0, 254.0);(689.0, 299.25);(591.0, 305.0);(691.0, 350.5);(581.5, 350.0);(656.5, 354.75);(614.0, 355.25);(669.0, 427.5);(612.0, 426.75);(670.0, 490.0);(618.0, 490.5)
0.07;videos/cuts_train/fall01.mp4;walk;(623.0, 213.0);(629.5, 205.88);(617.0, 207.25);(644.5, 209.0);(611.5, 212.0);(667.0, 249.0);(604.5, 254.0);(687.5, 298.75);(590.0, 305.0);(690.5, 349.5);(580.5, 351.0);(656.0, 355.0);(613.0, 355.5);(668.0, 428.0);(611.0, 427.0);(671.0, 490.75);(617.0, 491.0)
0.1;videos/cuts_train/fall01.mp4;walk;(621.5, 212.75);(628.0, 205.75);(615.5, 207.0);(642.5, 208.25);(610.5, 211.75);(666.0, 248.38);(602.5, 253.5);(686.5, 298.5);(588.5, 305.0);(689.5, 349.25);(580.5, 351.25);(655.0, 354.5);(612.0, 355.25);(668.0, 427.5);(611.0, 426.75);(673.5, 491.0);(617.0, 491.0)
0.13;videos/cuts_train/fall01.mp4;walk;(620.5, 212.5);(627.0, 205.5);(615.0, 206.75);(641.5, 208.25);(609.5, 211.5);(665.5, 248.62);(602.0, 253.5);(685.0, 299.0);(588.0, 304.75);(688.5, 348.25);(578.5, 350.5);(654.0, 354.5);(611.0, 355.0);(668.0, 428.0);(610.5, 426.75);(674.0, 492.25);(616.0, 491.5)
0.17;videos/cuts_train/fall01.mp4;walk;(619.5, 212.5);(626.0, 205.5);(613.5, 206.62);(639.0, 208.5);(608.0, 211.12);(664.0, 248.75);(600.5, 253.25);(684.5, 299.0);(588.0, 304.5);(688.0, 348.25);(576.5, 350.0);(654.0, 354.75);(610.5, 355.25);(668.0, 428.25);(610.0, 427.0);(675.0, 493.0);(616.5, 491.5)
0.2;videos/cuts_train/fall01.mp4;walk;(618.5, 212.0);(625.0, 205.25);(613.0, 206.25);(637.0, 208.0);(606.5, 210.62);(663.0, 248.88);(598.5, 253.25);(683.0, 299.5);(586.0, 304.25);(686.5, 347.75);(573.5, 349.5);(653.5, 355.0);(610.0, 355.75);(667.5, 428.25);(609.5, 427.0);(674.0, 492.5);(616.0, 491.5)
0.23;videos/cuts_train/fall01.mp4;walk;(618.0, 212.25);(624.0, 205.38);(612.0, 206.62);(636.0, 208.25);(605.5, 210.75);(662.0, 249.38);(597.5, 253.5);(681.0, 301.25);(584.0, 304.5);(685.5, 347.25);(571.0, 349.25);(653.0, 355.25);(610.0, 356.0);(665.5, 427.25);(610.5, 426.75);(673.0, 493.0);(616.0, 491.25)
0.27;videos/cuts_train/fall01.mp4;walk;(617.0, 212.25);(623.0, 205.25);(611.0, 206.5);(635.0, 208.0);(604.5, 211.0);(661.0, 250.12);(595.5, 254.0);(679.5, 301.75);(582.5, 305.0);(685.0, 346.25);(569.0, 350.5);(653.0, 355.75);(609.5, 356.5);(665.5, 428.0);(611.0, 427.5);(673.0, 493.75);(615.5, 492.25)
0.3;videos/cuts_train/fall01.mp4;walk;(616.5, 212.5);(622.5, 205.5);(610.0, 207.0);(634.0, 208.25);(603.0, 211.62);(660.0, 250.25);(593.5, 254.38);(678.0, 302.5);(580.0, 305.75);(684.0, 347.25);(567.5, 352.25);(653.0, 355.5);(609.5, 356.5);(664.5, 427.75);(611.5, 427.0);(672.5, 495.0);(615.5, 492.75)
0.33;videos/cuts_train/fall01.mp4;walk;(615.5, 212.88);(621.0, 205.75);(609.0, 207.5);(633.0, 207.75);(602.5, 211.88);(659.5, 250.25);(593.0, 254.75);(676.0, 301.0);(578.5, 305.75);(683.0, 345.75);(566.0, 351.25);(653.0, 355.25);(609.5, 356.5);(663.0, 426.5);(612.0, 425.75);(665.5, 493.0);(617.0, 491.0)
0.37;videos/cuts_train/fall01.mp4;walk;(615.0, 213.0);(620.5, 205.5);(608.0, 207.5);(632.5, 207.5);(602.0, 212.12);(659.5, 249.88);(592.5, 254.5);(676.0, 300.5);(576.0, 305.25);(683.0, 345.75);(563.5, 352.5);(653.0, 355.0);(609.0, 356.25);(660.5, 426.0);(612.0, 425.0);(660.5, 493.5);(617.5, 490.0)
0.4;videos/cuts_train/fall01.mp4;walk;(615.0, 213.0);(620.5, 205.5);(608.0, 207.5);(632.5, 207.5);(601.5, 212.12);(659.0, 249.75);(592.5, 254.5);(676.0, 300.5);(574.5, 305.75);(682.5, 345.75);(560.5, 354.0);(652.5, 355.25);(609.0, 356.5);(659.0, 426.0);(612.0, 425.5);(659.0, 492.5);(616.0, 490.5)
0.43;videos/cuts_train/fall01.mp4;walk;(615.0, 213.0);(621.0, 205.5);(608.0, 207.5);(632.5, 207.5);(601.0, 212.25);(659.5, 249.88);(592.0, 254.62);(675.5, 301.0);(573.5, 305.5);(682.0, 345.5);(558.5, 354.0);(653.0, 355.25);(609.0, 356.5);(659.0, 426.0);(612.0, 425.5);(656.0, 491.5);(616.5, 490.5)
0.47;videos/cuts_train/fall01.mp4;walk;(615.0, 212.75);(621.0, 205.62);(608.0, 207.5);(633.5, 207.25);(601.5, 212.25);(660.0, 249.75);(592.0, 254.62);(676.0, 301.5);(571.5, 306.0);(682.5, 346.5);(557.0, 354.5);(653.5, 354.5);(609.5, 355.5);(658.5, 424.75);(612.0, 424.0);(654.0, 492.0);(617.0, 491.0)
0.5;videos/cuts_train/fall01.mp4;walk;(616.5, 212.75);(622.0, 205.25);(609.0, 207.5);(633.5, 206.88);(602.5, 212.0);(660.5, 250.5);(592.5, 254.75);(675.0, 301.5);(571.5, 304.5);(681.0, 346.0);(556.0, 352.25);(653.5, 355.0);(609.5, 356.25);(655.5, 424.0);(612.0, 424.75);(650.0, 489.0);(616.5, 489.5)
0.53;videos/cuts_train/fall01.mp4;walk;(616.5, 212.5);(622.5, 205.25);(610.0, 207.0);(635.0, 206.5);(604.0, 211.38);(660.5, 250.88);(593.0, 254.5);(675.0, 302.0);(571.0, 304.5);(681.0, 346.5);(555.0, 351.25);(653.0, 355.0);(609.5, 356.25);(654.5, 424.5);(612.0, 425.5);(651.0, 489.75);(617.0, 489.5)
0.57;videos/cuts_train/fall01.mp4;walk;(618.0, 212.5);(623.5, 205.25);(611.0, 207.0);(635.5, 207.12);(604.5, 211.5);(660.0, 251.12);(593.5, 254.75);(674.5, 302.0);(572.0, 304.5);(681.0, 346.75);(555.5, 349.5);(653.0, 355.25);(610.0, 356.25);(654.5, 425.5);(613.5, 425.5);(652.0, 491.75);(619.0, 489.5)
0.6;videos/cuts_train/fall01.mp4;walk;(619.0, 212.62);(624.5, 205.62);(612.0, 207.38);(637.0, 207.25);(605.5, 211.75);(661.0, 250.75);(594.0, 254.5);(675.5, 302.75);(572.5, 304.0);(682.0, 348.75);(556.0, 347.25);(652.5, 355.5);(610.0, 356.0);(654.5, 427.25);(613.5, 425.5);(653.5, 496.0);(619.5, 491.5)
0.63;videos/cuts_train/fall01.mp4;walk;(620.0, 212.88);(625.5, 205.62);(613.0, 207.62);(638.0, 206.75);(607.0, 211.62);(662.0, 250.75);(596.0, 254.25);(677.0, 303.25);(572.5, 302.5);(684.0, 349.5);(556.5, 345.25);(652.0, 355.25);(610.0, 355.75);(653.0, 427.25);(614.0, 425.0);(653.5, 496.0);(622.0, 491.25)
0.67;videos/cuts_train/fall01.mp4;walk;(621.0, 213.12);(626.5, 205.75);(614.0, 207.5);(638.5, 206.75);(608.0, 211.25);(663.0, 251.12);(596.0, 254.12);(678.0, 303.25);(571.5, 300.75);(685.0, 348.5);(556.0, 342.75);(652.0, 355.25);(609.5, 355.75);(652.0, 426.0);(613.5, 425.0);(651.5, 493.5);(620.0, 489.5)
0.7;videos/cuts_train/fall01.mp4;walk;(622.0, 212.75);(628.0, 205.25);(615.5, 207.0);(640.5, 206.38);(609.0, 210.88);(664.0, 251.12);(597.0, 253.88);(679.0, 303.75);(573.5, 300.5);(685.0, 349.5);(557.0, 341.0);(652.5, 355.5);(610.0, 355.75);(652.0, 426.0);(613.5, 425.0);(651.0, 493.0);(619.0, 489.5)
0.73;videos/cuts_train/fall01.mp4;walk;(623.5, 212.0);(629.5, 204.5);(617.0, 206.25);(642.5, 206.25);(610.5, 210.0);(665.0, 251.88);(598.5, 253.75);(680.0, 304.5);(575.5, 300.5);(686.0, 349.75);(558.0, 340.25);(653.0, 355.5);(611.0, 355.5);(652.0, 425.5);(613.5, 425.0);(651.0, 492.75);(618.0, 489.75)
0.77;videos/cuts_train/fall01.mp4;walk;(624.5, 211.75);(631.0, 204.5);(618.5, 205.75);(645.0, 206.5);(612.5, 209.62);(666.5, 251.12);(599.5, 252.75);(682.0, 304.75);(577.0, 299.25);(688.5, 352.5);(560.0, 337.25);(654.0, 355.75);(611.5, 355.75);(652.5, 426.0);(614.0, 425.5);(651.5, 492.75);(619.5, 489.25)
0.8;videos/cuts_train/fall01.mp4;walk;(626.0, 211.25);(633.0, 204.25);(620.0, 205.12);(646.5, 207.25);(614.0, 209.5);(667.5, 251.0);(600.5, 252.5);(684.5, 304.5);(578.5, 298.5);(690.0, 353.0);(562.0, 336.25);(655.0, 355.5);(612.5, 355.5);(652.0, 425.5);(613.5, 425.25);(651.0, 492.5);(621.5, 489.0)
0.83;videos/cuts_train/fall01.mp4;walk;(626.5, 210.75);(634.0, 204.0);(621.0, 204.75);(648.5, 207.25);(616.0, 209.25);(668.5, 251.25);(602.0, 251.75);(685.0, 305.5);(580.5, 299.25);(691.5, 355.5);(564.0, 338.75);(655.5, 355.0);(613.0, 355.25);(654.0, 425.0);(611.5, 424.5);(652.5, 492.0);(622.0, 489.5)
0.87;videos/cuts_train/fall01.mp4;walk;(628.0, 210.75);(635.5, 204.0);(622.5, 204.62);(649.5, 207.12);(617.0, 208.88);(669.0, 251.25);(602.5, 251.75);(687.0, 305.25);(580.5, 299.5);(692.0, 355.75);(566.0, 338.75);(656.0, 355.25);(613.0, 355.0);(655.0, 425.0);(611.0, 424.5);(652.5, 491.75);(622.0, 489.5)
0.9;videos/cuts_train/fall01.mp4;walk;(629.5, 210.5);(636.5, 204.0);(623.5, 204.5);(650.0, 206.75);(618.0, 208.5);(669.0, 251.38);(603.0, 251.38);(687.0, 305.25);(582.0, 299.5);(692.5, 355.75);(567.5, 340.25);(656.0, 355.0);(613.0, 354.75);(655.0, 425.0);(610.0, 424.25);(652.5, 491.75);(622.0, 489.0)
0.93;videos/cuts_train/fall01.mp4;walk;(630.5, 210.38);(637.5, 203.75);(624.5, 204.25);(650.5, 206.12);(618.5, 207.75);(669.0, 251.25);(603.0, 251.12);(687.0, 305.0);(583.0, 299.75);(692.5, 356.25);(569.0, 340.25);(655.5, 355.0);(613.0, 354.5);(654.5, 425.25);(609.5, 424.5);(653.0, 492.5);(621.0, 488.5)
0.97;videos/cuts_train/fall01.mp4;walk;(630.5, 209.5);(637.5, 203.0);(625.0, 203.5);(650.5, 205.75);(618.5, 207.25);(669.5, 250.5);(603.5, 250.5);(687.0, 304.25);(584.5, 299.5);(692.0, 355.5);(572.0, 341.75);(655.5, 354.5);(612.5, 354.0);(654.0, 425.5);(610.0, 424.25);(653.5, 493.0);(623.0, 487.5)
1.0;videos/cuts_train/fall01.mp4;walk;(630.5, 209.0);(638.0, 202.25);(624.5, 202.75);(651.0, 204.88);(618.5, 206.38);(669.5, 250.12);(603.5, 249.75);(687.0, 303.75);(586.0, 299.25);(692.0, 355.5);(574.5, 342.5);(655.5, 354.5);(612.5, 354.0);(654.0, 426.0);(609.5, 424.25);(653.0, 494.0);(622.0, 488.25)
1.03;videos/cuts_train/fall01.mp4;walk;(630.0, 208.0);(637.5, 201.38);(624.0, 201.5);(651.0, 204.25);(618.0, 204.75);(669.0, 249.25);(603.5, 248.62);(686.5, 302.5);(587.0, 297.75);(690.0, 353.5);(578.0, 341.5);(655.0, 354.0);(612.5, 353.5);(653.0, 426.0);(609.0, 424.5);(653.5, 494.25);(622.5, 488.5)
1.07;videos/cuts_train/fall01.mp4;walk;(630.0, 207.0);(637.5, 200.5);(624.0, 200.5);(650.5, 203.62);(617.5, 204.0);(669.0, 248.0);(603.5, 247.62);(687.0, 300.75);(587.5, 296.5);(689.5, 353.0);(581.5, 341.75);(654.5, 353.5);(612.5, 353.0);(652.5, 425.5);(609.0, 424.0);(654.0, 494.5);(623.0, 488.5)
1.1;videos/cuts_train/fall01.mp4;walk;(630.0, 206.0);(637.0, 199.25);(624.0, 199.5);(650.0, 203.0);(616.5, 203.38);(668.5, 246.88);(603.5, 247.25);(687.0, 299.0);(588.0, 297.25);(688.0, 350.0);(581.5, 343.0);(654.0, 353.75);(611.5, 353.25);(651.5, 426.75);(608.5, 425.5);(652.0, 495.5);(622.5, 489.5)
1.13;videos/cuts_train/fall01.mp4;walk;(629.0, 204.88);(636.5, 198.0);(623.0, 198.5);(649.5, 202.0);(615.0, 203.0);(668.0, 246.0);(603.0, 246.88);(687.0, 298.0);(587.5, 297.25);(687.5, 349.5);(582.0, 343.5);(653.5, 353.75);(611.0, 353.0);(651.5, 427.0);(609.5, 426.0);(652.0, 496.5);(620.5, 491.5)
1.17;videos/cuts_train/fall01.mp4;walk;(627.5, 204.12);(635.0, 197.25);(621.5, 197.75);(648.5, 201.75);(614.0, 202.75);(667.5, 245.62);(602.5, 246.62);(685.0, 297.75);(588.5, 297.25);(685.5, 347.75);(583.0, 343.0);(653.0, 353.5);(610.5, 353.0);(651.0, 427.0);(611.5, 426.25);(652.0, 496.5);(619.0, 493.5)
1.2;videos/cuts_train/fall01.mp4;walk;(626.5, 203.5);(633.5, 196.75);(620.5, 197.25);(647.0, 201.38);(612.5, 202.25);(666.0, 245.62);(601.0, 246.75);(684.0, 297.0);(588.0, 297.75);(684.0, 346.5);(583.0, 344.0);(652.5, 353.5);(610.0, 353.0);(651.5, 427.5);(611.5, 426.75);(652.5, 497.25);(619.0, 496.25)
1.23;videos/cuts_train/fall01.mp4;walk;(626.0, 203.25);(633.0, 196.62);(619.5, 197.0);(645.5, 200.75);(611.5, 201.38);(665.0, 244.75);(599.0, 246.25);(683.5, 296.0);(586.5, 297.75);(681.5, 346.5);(583.5, 344.75);(652.5, 353.25);(609.5, 353.0);(651.5, 427.5);(612.0, 427.0);(652.5, 498.0);(618.0, 498.0)
1.27;videos/cuts_train/fall01.mp4;walk;(624.0, 203.25);(631.0, 196.25);(617.5, 196.75);(643.5, 200.25);(609.0, 201.5);(663.5, 244.25);(597.0, 246.25);(683.0, 295.25);(585.0, 297.5);(680.0, 346.5);(582.0, 345.0);(651.5, 353.25);(608.5, 353.25);(651.0, 427.5);(612.0, 427.5);(652.0, 498.5);(618.0, 499.5)
1.3;videos/cuts_train/fall01.mp4;walk;(621.5, 203.5);(629.0, 196.62);(615.0, 196.88);(641.5, 200.5);(607.0, 201.25);(661.5, 243.88);(595.5, 246.0);(682.0, 294.75);(585.0, 297.5);(679.0, 345.75);(580.0, 345.0);(650.5, 354.0);(608.0, 354.0);(650.5, 428.75);(611.5, 429.0);(652.5, 498.75);(617.5, 502.5)
1.33;videos/cuts_train/fall01.mp4;walk;(620.0, 203.0);(627.0, 196.12);(613.0, 196.5);(638.5, 200.25);(604.0, 201.25);(660.0, 244.62);(593.0, 246.5);(679.0, 296.25);(584.0, 298.0);(678.0, 346.5);(579.5, 345.25);(650.0, 354.5);(606.5, 354.5);(650.0, 429.5);(611.0, 430.0);(653.0, 498.0);(617.0, 504.0)
1.37;videos/cuts_train/fall01.mp4;walk;(617.0, 203.25);(624.0, 196.12);(610.0, 197.0);(635.0, 199.75);(601.5, 201.88);(658.5, 244.75);(590.5, 247.38);(677.0, 296.5);(582.0, 299.25);(676.5, 346.5);(578.0, 346.5);(648.5, 354.75);(605.0, 355.0);(650.0, 430.0);(611.0, 430.75);(652.5, 497.0);(617.5, 504.25)
1.4;videos/cuts_train/fall01.mp4;walk;(615.0, 203.12);(621.5, 195.75);(607.5, 197.0);(633.0, 199.0);(599.0, 202.0);(656.0, 244.75);(589.0, 248.5);(674.5, 296.75);(580.5, 300.5);(675.0, 347.75);(577.5, 346.5);(647.0, 355.0);(604.0, 356.0);(650.0, 430.25);(611.0, 431.75);(652.0, 496.75);(618.0, 504.75)
1.43;videos/cuts_train/fall01.mp4;walk;(611.5, 203.25);(618.0, 195.75);(604.0, 197.12);(630.0, 198.88);(595.5, 202.0);(654.5, 245.38);(586.5, 249.62);(672.5, 297.75);(577.0, 302.0);(674.5, 347.25);(573.0, 349.0);(646.5, 356.0);(602.5, 357.0);(649.0, 431.5);(611.0, 433.0);(651.5, 495.5);(618.0, 505.5)
1.47;videos/cuts_train/fall01.mp4;walk;(608.0, 203.12);(614.5, 195.5);(600.5, 196.88);(626.0, 198.38);(592.0, 201.75);(652.0, 244.75);(583.5, 249.88);(672.0, 297.75);(573.5, 302.25);(675.0, 347.25);(569.0, 349.5);(645.0, 356.25);(601.0, 357.75);(648.5, 431.75);(609.5, 434.0);(651.5, 496.5);(618.0, 505.5)
1.5;videos/cuts_train/fall01.mp4;walk;(605.5, 202.5);(612.0, 194.75);(597.5, 196.38);(623.5, 197.5);(589.0, 201.75);(649.5, 244.25);(580.0, 250.25);(668.5, 297.5);(570.0, 302.5);(673.5, 347.0);(567.0, 348.5);(643.5, 355.5);(599.0, 357.5);(648.0, 431.0);(608.0, 433.5);(651.0, 496.75);(618.5, 505.5)
1.53;videos/cuts_train/fall01.mp4;walk;(602.5, 202.0);(609.0, 194.25);(595.0, 196.25);(620.5, 197.75);(586.0, 202.25);(648.0, 244.12);(577.0, 250.12);(667.0, 296.75);(567.0, 303.25);(672.0, 346.25);(564.0, 349.75);(642.5, 355.75);(597.5, 358.0);(648.0, 431.0);(607.0, 434.0);(651.0, 497.5);(618.0, 506.0)
1.57;videos/cuts_train/fall01.mp4;walk;(599.5, 201.75);(606.0, 193.62);(591.0, 196.0);(618.0, 197.0);(582.5, 202.5);(647.0, 244.38);(574.5, 250.5);(665.0, 298.0);(564.0, 304.5);(671.0, 347.0);(560.0, 351.5);(642.0, 356.5);(596.0, 359.0);(648.0, 430.75);(606.5, 434.25);(650.0, 497.0);(618.5, 505.5)
1.6;videos/cuts_train/fall01.mp4;walk;(597.0, 200.75);(603.5, 193.38);(588.5, 195.38);(615.0, 196.5);(579.0, 202.0);(643.5, 243.0);(571.5, 251.0);(663.0, 298.0);(560.0, 306.75);(669.0, 348.0);(554.0, 354.75);(640.5, 356.5);(594.5, 359.5);(649.5, 431.25);(605.5, 435.0);(650.5, 499.0);(618.5, 505.25)
1.63;videos/cuts_train/fall01.mp4;walk;(595.0, 200.0);(601.0, 192.38);(586.5, 195.25);(613.5, 195.5);(577.0, 202.62);(642.0, 242.88);(569.0, 251.38);(661.5, 298.0);(557.5, 307.5);(667.5, 348.25);(551.0, 355.5);(639.5, 357.0);(593.0, 360.5);(649.5, 431.5);(604.0, 435.0);(651.0, 500.75);(618.0, 505.25)
1.67;videos/cuts_train/fall01.mp4;walk;(592.5, 199.5);(598.5, 192.0);(584.0, 194.62);(611.5, 195.5);(575.0, 202.5);(640.5, 243.25);(566.5, 251.88);(661.0, 297.75);(555.0, 309.25);(667.0, 348.5);(547.0, 357.5);(638.5, 357.0);(591.5, 360.5);(649.5, 432.0);(602.5, 435.5);(653.0, 503.0);(618.5, 506.0)
1.7;videos/cuts_train/fall01.mp4;walk;(591.0, 199.25);(597.0, 191.75);(582.5, 194.5);(609.5, 194.5);(573.5, 202.0);(638.0, 242.75);(565.0, 251.5);(658.0, 297.5);(551.0, 308.25);(665.5, 347.75);(540.0, 356.5);(636.0, 356.75);(589.5, 360.5);(646.0, 431.5);(600.5, 435.0);(651.0, 502.5);(618.5, 504.5)
1.73;videos/cuts_train/fall01.mp4;walk;(590.0, 199.5);(595.5, 190.88);(581.0, 194.25);(608.0, 194.0);(572.5, 202.38);(636.0, 243.5);(563.0, 250.5);(655.5, 297.5);(549.5, 304.5);(663.0, 347.5);(536.5, 352.0);(633.0, 357.0);(587.0, 360.25);(642.0, 431.25);(600.0, 435.5);(646.5, 500.25);(619.0, 504.0)
1.77;videos/cuts_train/fall01.mp4;walk;(588.5, 198.5);(594.5, 189.88);(579.5, 193.25);(607.5, 193.75);(570.0, 202.12);(634.0, 242.88);(560.5, 250.25);(654.0, 296.25);(545.0, 302.75);(661.0, 346.5);(532.0, 346.5);(631.0, 357.0);(584.5, 360.25);(638.0, 432.0);(599.0, 435.25);(645.0, 502.0);(618.5, 503.25)
1.8;videos/cuts_train/fall01.mp4;walk;(587.5, 197.5);(594.0, 189.12);(578.5, 192.25);(606.5, 193.5);(569.5, 201.38);(632.5, 242.62);(559.0, 249.5);(652.5, 296.25);(542.0, 302.25);(659.5, 347.0);(529.5, 348.0);(629.5, 357.0);(583.0, 360.25);(635.0, 433.75);(596.5, 436.0);(641.5, 504.75);(617.0, 503.5)
1.83;videos/cuts_train/fall01.mp4;walk;(586.5, 196.75);(592.5, 188.75);(577.5, 192.0);(605.5, 191.88);(568.0, 200.12);(631.0, 242.0);(558.0, 248.25);(651.0, 297.5);(541.5, 299.5);(659.0, 348.25);(528.0, 345.5);(627.0, 356.0);(581.5, 359.25);(633.0, 434.0);(594.5, 435.0);(639.0, 509.0);(615.5, 503.5)
1.87;videos/cuts_train/fall01.mp4;walk;(585.5, 196.25);(591.5, 188.25);(576.5, 191.38);(604.0, 191.0);(567.0, 199.0);(629.5, 241.62);(556.5, 247.38);(649.0, 297.5);(538.5, 296.5);(657.0, 349.5);(525.5, 341.75);(624.5, 356.5);(579.0, 359.25);(627.0, 435.0);(593.5, 436.25);(630.5, 511.0);(615.0, 504.75)
1.9;videos/cuts_train/fall01.mp4;walk;(584.0, 196.25);(590.5, 188.12);(575.0, 191.0);(603.0, 190.88);(565.0, 198.5);(628.0, 241.25);(555.0, 247.25);(648.0, 297.5);(538.0, 297.0);(656.0, 349.25);(525.0, 338.5);(623.0, 357.5);(577.5, 360.25);(622.5, 436.75);(592.0, 438.75);(624.5, 516.0);(615.0, 507.0)
1.93;videos/cuts_train/fall01.mp4;walk;(583.0, 195.5);(589.5, 187.62);(574.0, 190.25);(602.5, 191.0);(563.0, 197.75);(626.5, 241.0);(553.0, 246.5);(647.0, 296.5);(537.0, 297.0);(654.5, 349.25);(524.5, 338.75);(621.0, 358.5);(575.5, 361.0);(618.0, 440.0);(590.0, 442.0);(618.5, 522.0);(611.5, 507.25)
1.97;videos/cuts_train/fall01.mp4;walk;(582.0, 195.38);(588.5, 187.25);(572.5, 190.25);(602.0, 190.25);(562.5, 197.75);(626.0, 240.62);(552.5, 245.88);(646.5, 296.5);(536.5, 295.25);(653.5, 348.75);(524.5, 338.5);(619.5, 358.5);(574.0, 361.0);(614.0, 440.5);(589.5, 441.25);(611.5, 525.0);(609.0, 507.75)
2.0;videos/cuts_train/fall01.mp4;walk;(580.5, 195.0);(587.0, 186.88);(571.5, 190.0);(601.0, 189.75);(561.5, 197.75);(625.0, 240.5);(551.5, 244.88);(646.0, 297.0);(534.5, 294.75);(652.5, 349.0);(524.0, 340.25);(617.5, 359.0);(572.0, 360.5);(609.5, 442.0);(588.5, 440.0);(605.0, 528.5);(606.0, 507.0)
2.03;videos/cuts_train/fall01.mp4;walk;(579.5, 194.5);(586.5, 186.25);(570.5, 189.25);(600.5, 189.75);(560.5, 196.75);(624.5, 240.62);(550.0, 245.12);(645.0, 297.5);(534.0, 295.5);(651.0, 350.0);(526.0, 339.25);(617.0, 359.0);(571.0, 361.0);(608.5, 441.25);(588.0, 441.0);(601.0, 527.0);(612.0, 504.0)
2.07;videos/cuts_train/fall01.mp4;walk;(578.5, 193.88);(585.0, 185.88);(569.5, 188.75);(599.5, 189.5);(559.5, 196.38);(624.0, 240.75);(548.5, 245.25);(643.5, 298.5);(533.0, 297.5);(650.5, 351.5);(527.0, 344.0);(615.5, 359.0);(569.5, 361.5);(607.0, 441.5);(586.0, 441.75);(597.5, 529.0);(612.0, 504.0)
2.1;videos/cuts_train/fall01.mp4;walk;(577.0, 193.5);(584.0, 185.38);(568.5, 188.0);(598.0, 188.75);(559.5, 195.38);(623.0, 240.75);(547.5, 245.0);(642.5, 299.0);(533.0, 299.5);(650.0, 351.75);(529.0, 349.0);(614.5, 359.25);(568.0, 361.5);(608.0, 441.5);(585.5, 442.75);(597.0, 527.0);(612.0, 505.0)
2.13;videos/cuts_train/fall01.mp4;walk;(576.5, 193.0);(583.0, 185.0);(568.0, 187.25);(596.0, 187.75);(558.0, 193.25);(621.5, 241.0);(546.0, 244.25);(641.5, 299.75);(532.5, 300.0);(649.5, 352.25);(531.0, 351.5);(612.5, 359.0);(566.0, 361.5);(608.0, 441.5);(584.0, 442.25);(593.5, 528.5);(611.5, 500.5)
2.17;videos/cuts_train/fall01.mp4;walk;(574.5, 192.25);(581.5, 184.25);(566.0, 185.88);(595.5, 186.88);(556.5, 191.12);(620.5, 240.5);(544.5, 243.38);(640.0, 299.5);(532.0, 300.25);(649.0, 352.25);(533.5, 352.75);(610.5, 359.75);(563.5, 361.75);(606.0, 442.25);(580.5, 444.0);(595.0, 524.0);(609.5, 502.25)
2.2;videos/cuts_train/fall01.mp4;walk;(573.5, 190.5);(581.0, 182.5);(565.5, 184.12);(594.5, 185.0);(556.0, 189.12);(619.5, 239.75);(543.5, 241.88);(640.5, 299.5);(531.0, 300.75);(649.0, 352.75);(534.5, 353.75);(608.0, 360.5);(561.0, 361.75);(605.0, 444.5);(576.0, 445.25);(596.0, 524.0);(608.5, 502.5)
2.23;videos/cuts_train/fall01.mp4;walk;(571.5, 190.0);(579.5, 182.0);(563.5, 183.0);(593.5, 184.62);(554.0, 187.38);(617.5, 238.25);(542.0, 239.75);(640.0, 298.5);(528.5, 298.25);(649.0, 353.25);(532.0, 353.5);(606.0, 360.75);(558.0, 361.5);(604.5, 446.5);(571.0, 444.5);(596.0, 526.0);(607.0, 504.0)
2.27;videos/cuts_train/fall01.mp4;walk;(570.0, 188.75);(578.0, 180.88);(562.0, 181.88);(592.0, 183.5);(553.0, 186.25);(616.0, 238.0);(540.0, 239.25);(639.0, 298.75);(527.5, 299.5);(648.0, 354.25);(531.5, 357.25);(604.5, 361.5);(556.0, 362.5);(603.5, 447.5);(568.5, 447.0);(595.0, 528.0);(609.0, 503.5)
2.3;videos/cuts_train/fall01.mp4;walk;(567.5, 188.25);(575.5, 180.25);(559.0, 181.38);(591.0, 183.0);(550.5, 186.0);(614.5, 237.62);(538.0, 239.0);(638.5, 298.75);(523.5, 300.25);(647.0, 354.75);(528.5, 354.0);(602.5, 361.5);(553.5, 363.0);(601.0, 448.75);(565.0, 449.0);(595.0, 529.5);(606.0, 503.5)
2.33;videos/cuts_train/fall01.mp4;walk;(565.0, 187.5);(573.5, 179.75);(557.0, 180.38);(588.5, 183.25);(548.0, 185.0);(612.5, 236.5);(537.0, 238.5);(636.5, 299.0);(521.0, 297.75);(645.5, 356.25);(525.0, 350.25);(601.0, 361.0);(552.0, 362.25);(599.5, 449.5);(561.5, 448.5);(595.0, 533.0);(601.0, 496.5)
2.37;videos/cuts_train/fall01.mp4;walk;(562.0, 187.0);(570.0, 179.0);(554.0, 180.0);(585.5, 181.75);(545.0, 184.0);(610.0, 235.5);(534.0, 238.0);(635.5, 298.75);(519.0, 299.0);(642.5, 356.75);(520.0, 354.0);(598.5, 361.25);(549.0, 362.75);(597.0, 449.5);(558.0, 447.75);(595.5, 532.0);(590.0, 498.5)
2.4;videos/cuts_train/fall01.mp4;walk;(559.5, 187.12);(568.0, 179.0);(551.5, 179.75);(583.5, 182.25);(542.5, 184.0);(607.5, 234.0);(533.0, 236.88);(634.0, 297.25);(517.0, 298.5);(641.0, 356.0);(515.5, 355.0);(596.5, 361.0);(547.5, 361.75);(594.5, 450.25);(553.5, 446.5);(594.5, 534.0);(585.5, 499.5)
2.43;videos/cuts_train/fall01.mp4;walk;(556.0, 187.0);(564.5, 178.75);(548.0, 179.75);(581.0, 180.5);(540.0, 182.88);(604.5, 232.5);(530.5, 236.0);(631.5, 296.75);(515.5, 299.75);(637.5, 357.0);(509.0, 356.0);(593.5, 360.0);(544.5, 361.25);(594.0, 450.0);(550.0, 448.0);(595.5, 531.5);(578.0, 501.5)
2.47;videos/cuts_train/fall01.mp4;walk;(551.5, 186.38);(560.0, 178.25);(544.5, 179.0);(577.0, 180.5);(536.5, 182.75);(602.0, 232.0);(527.0, 236.12);(628.5, 296.5);(513.0, 299.0);(635.0, 357.0);(505.0, 354.5);(591.5, 360.25);(541.5, 361.5);(592.5, 449.5);(544.5, 448.25);(595.0, 533.0);(571.5, 507.0)
2.5;videos/cuts_train/fall01.mp4;walk;(545.5, 186.25);(554.0, 177.75);(538.5, 179.25);(574.0, 179.0);(533.0, 183.25);(600.0, 231.25);(526.0, 237.12);(627.0, 295.0);(510.5, 300.0);(630.5, 358.0);(496.5, 353.5);(589.0, 361.5);(540.0, 362.75);(591.5, 449.5);(542.0, 448.75);(595.5, 532.0);(566.0, 514.0)
2.53;videos/cuts_train/fall01.mp4;walk;(542.0, 185.88);(550.5, 177.5);(535.0, 178.75);(569.5, 178.5);(529.0, 182.75);(597.5, 230.38);(523.0, 236.88);(624.0, 294.25);(508.25, 298.5);(625.0, 357.75);(493.25, 351.75);(586.5, 362.0);(537.5, 363.25);(590.0, 451.0);(539.0, 451.0);(596.0, 534.5);(562.5, 522.5)
2.57;videos/cuts_train/fall01.mp4;walk;(537.5, 186.0);(546.0, 177.25);(530.0, 178.88);(566.0, 178.5);(524.5, 183.38);(594.5, 230.25);(520.0, 236.88);(621.5, 294.75);(505.25, 299.25);(622.0, 357.25);(487.75, 350.5);(584.0, 363.0);(534.5, 364.0);(586.5, 451.5);(534.0, 452.5);(595.0, 534.5);(555.5, 523.5)
2.6;videos/cuts_train/fall01.mp4;walk;(533.0, 185.75);(541.0, 177.0);(526.0, 178.5);(561.5, 178.0);(520.5, 182.75);(591.0, 229.62);(517.5, 236.25);(618.0, 294.5);(502.25, 299.0);(617.0, 357.25);(483.25, 348.0);(580.0, 362.5);(530.5, 363.25);(585.0, 451.5);(529.5, 452.0);(595.5, 535.0);(550.0, 529.5)
2.63;videos/cuts_train/fall01.mp4;walk;(527.5, 186.0);(535.5, 177.0);(520.5, 179.0);(558.0, 178.0);(516.0, 183.75);(587.5, 230.0);(513.0, 236.62);(613.0, 294.5);(499.5, 299.25);(613.0, 356.0);(476.5, 347.75);(577.0, 363.75);(527.0, 364.5);(582.5, 452.75);(525.0, 454.25);(596.0, 535.0);(544.0, 533.0)
2.67;videos/cuts_train/fall01.mp4;walk;(522.5, 186.38);(531.0, 177.0);(515.0, 179.5);(553.5, 177.88);(510.5, 184.75);(583.5, 229.75);(509.75, 237.12);(610.0, 293.75);(493.75, 299.5);(607.5, 356.25);(470.25, 348.25);(572.0, 364.0);(522.5, 365.0);(579.0, 452.75);(521.5, 454.25);(595.5, 534.0);(540.5, 534.0)
2.7;videos/cuts_train/fall01.mp4;walk;(517.5, 186.38);(526.0, 177.0);(510.0, 179.5);(549.5, 178.5);(505.25, 185.25);(578.5, 230.5);(505.25, 237.38);(606.5, 293.25);(489.5, 298.5);(603.0, 355.75);(464.0, 348.0);(568.5, 366.0);(519.5, 367.0);(574.0, 456.0);(517.5, 457.0);(595.5, 530.0);(536.0, 537.5)
2.73;videos/cuts_train/fall01.mp4;walk;(511.0, 187.25);(520.0, 177.75);(504.0, 180.25);(544.0, 178.25);(499.75, 185.25);(573.5, 231.12);(501.0, 237.62);(603.0, 294.75);(485.25, 297.25);(598.5, 359.0);(458.0, 345.75);(564.0, 368.5);(514.5, 369.0);(569.0, 458.75);(513.0, 458.75);(594.0, 528.0);(532.5, 541.0)
2.77;videos/cuts_train/fall01.mp4;walk;(503.75, 189.75);(512.5, 180.25);(497.25, 182.75);(537.0, 181.0);(494.25, 187.75);(568.5, 232.38);(496.75, 238.75);(599.5, 296.5);(479.0, 296.75);(594.0, 362.0);(448.25, 346.25);(558.0, 369.25);(508.5, 370.25);(561.0, 462.5);(505.25, 464.5);(590.5, 520.0);(531.5, 544.0)
2.8;videos/cuts_train/fall01.mp4;walk;(497.75, 192.5);(506.25, 182.75);(491.0, 185.5);(531.0, 183.25);(488.25, 190.5);(562.5, 234.5);(492.5, 239.75);(594.0, 299.0);(475.0, 296.5);(588.5, 366.5);(441.0, 346.25);(553.0, 371.5);(504.0, 372.25);(553.0, 467.0);(502.75, 466.5);(587.5, 521.0);(531.0, 546.0)
2.83;videos/cuts_train/fall01.mp4;walk;(490.5, 196.0);(498.25, 185.75);(484.0, 189.5);(525.0, 184.75);(483.5, 194.25);(557.0, 236.75);(487.75, 246.0);(588.0, 303.25);(463.25, 303.0);(581.5, 372.0);(429.25, 353.0);(548.5, 375.25);(500.5, 377.25);(542.5, 470.5);(500.0, 470.5);(583.5, 523.0);(530.5, 545.0)
2.87;videos/cuts_train/fall01.mp4;walk;(483.5, 200.0);(491.5, 189.75);(477.0, 193.12);(519.0, 187.5);(476.75, 197.0);(552.5, 240.75);(483.25, 249.88);(583.5, 306.5);(456.25, 306.0);(576.5, 374.0);(420.0, 356.0);(543.0, 379.25);(496.5, 380.75);(530.0, 470.0);(494.5, 471.5);(572.0, 522.5);(528.0, 547.0)
2.9;videos/cuts_train/fall01.mp4;fall;(475.5, 204.75);(483.25, 194.12);(469.25, 198.0);(512.5, 191.25);(470.5, 202.12);(547.0, 243.62);(480.0, 255.0);(579.0, 311.5);(449.75, 309.0);(571.0, 382.75);(412.0, 358.0);(539.5, 379.75);(495.5, 381.75);(514.5, 470.0);(490.25, 473.5);(560.0, 524.0);(530.5, 543.5)
2.93;videos/cuts_train/fall01.mp4;fall;(467.75, 210.25);(475.0, 198.75);(461.25, 203.75);(505.25, 196.0);(464.0, 209.38);(542.0, 248.0);(474.5, 262.5);(574.0, 316.25);(443.0, 315.0);(564.5, 388.5);(404.0, 361.5);(533.5, 384.0);(493.5, 386.5);(500.75, 470.0);(494.5, 474.5);(534.5, 545.5);(543.0, 536.0)
2.97;videos/cuts_train/fall01.mp4;fall;(461.75, 217.75);(468.5, 206.25);(455.25, 211.38);(498.75, 200.75);(458.5, 214.62);(537.0, 252.5);(471.0, 268.5);(569.5, 322.0);(437.75, 320.5);(559.0, 397.0);(394.75, 367.5);(529.5, 385.25);(489.5, 388.0);(490.25, 470.0);(481.5, 474.75);(543.0, 537.0);(523.5, 546.5)
3.0;videos/cuts_train/fall01.mp4;fall;(454.75, 225.12);(461.25, 213.25);(448.25, 218.75);(492.75, 206.75);(451.75, 221.25);(532.5, 259.0);(466.75, 273.0);(564.0, 329.5);(433.0, 326.25);(551.5, 405.75);(388.5, 374.5);(526.5, 388.0);(488.0, 389.5);(478.0, 474.0);(473.25, 475.5);(536.5, 546.0);(518.0, 549.0)
3.03;videos/cuts_train/fall01.mp4;fall;(447.75, 234.5);(453.5, 223.12);(441.75, 227.75);(485.0, 214.38);(448.5, 227.12);(526.0, 266.5);(462.75, 276.5);(558.5, 339.25);(427.25, 333.0);(544.0, 417.0);(384.5, 378.5);(524.0, 394.25);(485.75, 393.5);(471.25, 476.5);(468.75, 477.0);(530.5, 557.0);(509.0, 556.0)
3.07;videos/cuts_train/fall01.mp4;fall;(441.25, 246.75);(447.25, 235.0);(434.25, 240.0);(477.75, 224.0);(439.0, 238.0);(520.0, 276.75);(458.0, 280.5);(553.0, 353.0);(428.0, 337.0);(536.0, 431.0);(385.75, 380.5);(523.0, 401.25);(486.5, 399.5);(468.25, 475.75);(469.75, 483.5);(514.5, 574.0);(527.5, 552.5)
3.1;videos/cuts_train/fall01.mp4;fall;(432.75, 259.5);(438.25, 247.25);(425.5, 252.12);(468.25, 235.0);(430.25, 248.75);(511.75, 287.0);(453.0, 289.75);(548.5, 363.75);(423.5, 346.0);(528.5, 444.25);(381.0, 391.5);(521.0, 410.5);(486.25, 408.5);(461.0, 484.0);(459.25, 493.0);(507.25, 581.0);(526.0, 551.0)
3.13;videos/cuts_train/fall01.mp4;fall;(425.25, 273.5);(430.5, 260.75);(418.5, 266.0);(461.75, 247.88);(422.5, 263.0);(504.75, 299.25);(447.0, 304.5);(545.0, 379.0);(413.0, 363.5);(519.0, 457.5);(377.25, 409.0);(518.0, 422.0);(484.25, 420.75);(456.25, 491.5);(460.25, 502.5);(507.5, 583.0);(523.0, 553.0)
3.17;videos/cuts_train/fall01.mp4;fall;(417.75, 291.0);(422.5, 278.0);(410.0, 283.75);(451.5, 263.75);(412.5, 280.25);(495.5, 313.5);(440.5, 317.0);(540.0, 395.75);(412.0, 371.0);(511.5, 476.5);(379.75, 415.75);(522.5, 429.75);(490.5, 427.0);(450.5, 499.0);(452.5, 502.5);(509.5, 584.5);(522.5, 552.5)
3.2;videos/cuts_train/fall01.mp4;fall;(410.25, 307.75);(413.0, 296.0);(402.75, 301.5);(436.0, 280.0);(406.0, 294.0);(490.0, 328.75);(436.75, 331.5);(530.0, 414.0);(410.5, 387.0);(498.5, 498.25);(378.0, 433.5);(525.0, 441.5);(491.0, 436.75);(450.75, 506.75);(440.0, 502.25);(510.75, 584.0);(514.0, 553.0)
3.23;videos/cuts_train/fall01.mp4;fall;(402.5, 325.25);(407.25, 313.75);(395.0, 317.75);(433.5, 298.75);(398.5, 310.5);(486.5, 345.75);(431.75, 345.75);(517.5, 435.5);(409.0, 400.0);(484.0, 522.0);(378.5, 455.0);(527.0, 448.5);(488.75, 443.75);(462.5, 515.5);(432.0, 507.5);(510.25, 583.0);(513.5, 550.0)
3.27;videos/cuts_train/fall01.mp4;fall;(394.5, 343.0);(397.0, 331.5);(387.25, 335.5);(420.0, 316.75);(397.5, 325.5);(478.25, 362.75);(425.0, 358.5);(509.0, 453.0);(404.0, 417.0);(476.0, 541.0);(374.0, 477.25);(529.0, 457.75);(487.75, 455.0);(464.25, 521.5);(427.25, 515.0);(485.75, 584.0);(510.75, 559.5)
3.3;videos/cuts_train/fall01.mp4;fall;(387.5, 361.5);(390.0, 349.5);(381.5, 353.25);(412.25, 336.25);(393.75, 342.5);(473.75, 378.5);(420.0, 378.0);(495.5, 471.75);(397.0, 444.5);(462.5, 568.0);(373.75, 503.0);(532.5, 475.5);(496.0, 473.5);(445.5, 519.0);(423.0, 522.0);(501.5, 581.5);(508.75, 567.5)
3.33;videos/cuts_train/fall01.mp4;fall;(372.0, 380.5);(376.5, 368.5);(366.75, 371.0);(405.5, 356.5);(384.5, 360.75);(469.0, 398.0);(420.75, 394.75);(484.0, 495.75);(398.75, 458.75);(450.0, 586.0);(369.75, 529.0);(537.0, 488.5);(500.0, 482.0);(456.5, 525.0);(419.0, 525.5);(483.5, 592.0);(508.25, 564.0)
3.37;videos/cuts_train/fall01.mp4;fall;(366.75, 399.0);(369.25, 387.0);(362.0, 389.5);(396.75, 374.25);(383.5, 379.0);(465.25, 413.25);(416.25, 408.0);(469.5, 521.0);(391.75, 473.0);(434.25, 617.0);(368.25, 542.5);(536.0, 500.5);(495.75, 494.0);(449.75, 528.0);(413.25, 532.0);(465.5, 608.5);(509.25, 565.5)
3.4;videos/cuts_train/fall01.mp4;fall;(362.0, 420.75);(362.75, 409.5);(356.5, 412.0);(387.0, 394.0);(376.0, 396.5);(455.75, 434.25);(411.75, 423.25);(460.75, 550.0);(387.0, 500.5);(424.5, 645.0);(369.75, 575.0);(538.5, 513.0);(502.0, 503.5);(444.0, 529.0);(409.0, 537.0);(496.0, 612.0);(506.75, 571.0)
3.43;videos/cuts_train/fall01.mp4;fall;(348.0, 431.0);(356.25, 419.0);(342.0, 419.75);(386.5, 407.0);(349.75, 407.5);(447.25, 448.25);(390.75, 435.75);(453.0, 567.5);(383.25, 519.0);(419.75, 677.0);(371.0, 599.0);(538.0, 520.5);(500.5, 513.0);(440.25, 528.0);(403.75, 545.0);(508.5, 598.5);(507.25, 565.0)
3.47;videos/cuts_train/fall01.mp4;fall;(327.0, 460.75);(325.0, 449.5);(321.5, 452.5);(355.0, 428.25);(353.0, 428.0);(437.25, 478.25);(387.0, 446.5);(437.5, 616.5);(378.5, 534.0);(411.5, 717.0);(367.25, 617.0);(533.0, 541.0);(499.75, 520.0);(426.5, 531.0);(408.5, 533.5);(491.75, 623.0);(490.5, 586.0)
3.5;videos/cuts_train/fall01.mp4;fall;(326.0, 489.75);(320.25, 479.25);(319.5, 482.5);(338.5, 457.5);(342.0, 453.5);(425.0, 485.25);(382.75, 466.0);(445.5, 618.5);(373.0, 554.0);(418.75, 720.0);(362.5, 648.0);(536.0, 543.0);(505.0, 529.5);(435.75, 553.5);(395.5, 551.0);(491.5, 627.5);(421.5, 628.5)
3.53;videos/cuts_train/fall01.mp4;fall;(324.75, 509.75);(322.0, 499.0);(317.75, 503.0);(344.0, 474.0);(337.5, 471.0);(418.0, 500.5);(382.25, 485.75);(458.0, 621.5);(367.0, 584.5);(427.0, 721.5);(354.75, 687.0);(545.0, 548.0);(517.5, 538.0);(444.25, 560.5);(414.5, 558.5);(507.0, 639.5);(494.25, 626.0)
3.57;videos/cuts_train/fall01.mp4;fall;(314.0, 544.5);(308.0, 535.0);(305.5, 540.0);(320.5, 508.0);(314.0, 501.5);(418.0, 522.5);(368.75, 504.25);(472.0, 635.5);(364.25, 599.5);(423.0, 726.0);(355.0, 695.0);(540.0, 567.0);(497.0, 551.5);(468.25, 614.0);(410.75, 590.5);(514.0, 657.5);(476.75, 633.0)
3.6;videos/cuts_train/fall01.mp4;fall;(316.0, 567.5);(308.0, 559.5);(308.0, 563.5);(315.0, 537.0);(314.75, 522.0);(416.0, 552.0);(364.5, 513.5);(483.5, 652.0);(362.0, 607.0);(423.75, 727.0);(352.75, 698.0);(531.0, 589.5);(485.25, 563.5);(447.75, 638.0);(392.5, 617.0);(513.5, 647.0);(461.5, 641.5)
3.63;videos/cuts_train/fall01.mp4;fall;(304.5, 592.5);(296.0, 585.0);(299.0, 587.5);(303.75, 563.5);(312.75, 538.0);(405.25, 574.0);(348.25, 514.0);(487.0, 657.0);(356.25, 606.5);(422.75, 728.0);(354.25, 698.0);(531.0, 596.5);(482.25, 562.5);(488.5, 650.5);(391.5, 603.5);(491.5, 676.5);(461.5, 644.5)
3.67;videos/cuts_train/fall01.mp4;fall;(296.5, 621.5);(290.5, 612.5);(289.5, 615.5);(302.5, 590.5);(301.5, 565.0);(388.0, 599.5);(345.75, 530.5);(487.25, 669.5);(359.5, 620.0);(420.0, 728.0);(355.25, 700.5);(518.0, 620.5);(499.0, 573.0);(421.75, 700.0);(419.0, 620.5);(470.25, 695.0);(494.75, 647.5)
3.7;videos/cuts_train/fall01.mp4;fallen;(293.75, 645.5);(287.0, 638.5);(287.0, 639.5);(297.0, 614.5);(298.5, 581.5);(364.25, 642.5);(355.75, 539.0);(376.0, 677.5);(360.0, 636.5);(355.5, 712.5);(351.5, 705.5);(505.5, 628.0);(516.0, 569.0);(400.0, 710.0);(445.75, 631.5);(422.5, 715.0);(492.25, 650.5)
3.73;videos/cuts_train/fall01.mp4;fallen;(291.75, 663.5);(283.25, 661.5);(290.0, 656.5);(296.25, 645.5);(307.0, 594.5);(389.75, 662.5);(359.5, 564.0);(457.0, 713.0);(374.25, 653.5);(372.0, 717.0);(356.25, 703.0);(508.0, 632.0);(500.25, 570.0);(425.0, 717.5);(443.75, 654.5);(458.75, 716.0);(482.5, 679.5)
3.83;videos/cuts_train/fall01.mp4;fallen;(390.25, 603.5);(394.0, 601.0);(394.5, 599.5);(403.0, 609.0);(442.0, 583.0);(393.0, 649.0);(512.5, 632.5);(492.75, 629.5);(527.0, 600.0);(342.0, 699.0);(491.0, 527.5);(372.5, 673.5);(458.0, 657.5);(409.0, 640.5);(527.0, 610.0);(501.0, 560.0);(495.25, 538.0)
3.97;videos/cuts_train/fall01.mp4;fallen;(405.5, 578.0);(403.0, 570.5);(411.75, 570.5);(405.0, 569.0);(439.25, 604.0);(334.25, 686.0);(518.0, 661.0);(346.0, 660.0);(529.0, 611.0);(420.75, 583.5);(480.0, 513.0);(373.0, 687.0);(511.75, 679.5);(386.5, 601.5);(527.5, 604.5);(472.0, 530.5);(476.0, 521.5)
4.0;videos/cuts_train/fall01.mp4;fallen;(377.5, 598.5);(377.5, 590.5);(382.5, 592.5);(390.0, 594.5);(426.75, 614.0);(351.0, 696.5);(517.0, 658.0);(356.0, 659.0);(529.0, 615.0);(434.75, 575.5);(474.75, 529.0);(422.5, 665.5);(548.5, 650.5);(393.25, 616.5);(532.5, 609.5);(472.25, 523.0);(474.0, 520.0)
4.03;videos/cuts_train/fall01.mp4;fallen;(413.0, 606.0);(412.5, 605.0);(419.5, 604.5);(412.75, 614.0);(442.5, 610.5);(412.75, 658.5);(468.25, 634.5);(377.0, 654.0);(442.0, 594.0);(323.0, 684.5);(436.0, 576.5);(497.25, 656.5);(546.5, 648.5);(366.5, 593.0);(402.25, 593.0);(353.5, 630.5);(461.0, 553.5)
4.07;videos/cuts_train/fall01.mp4;fallen;(437.0, 566.0);(442.0, 569.0);(443.5, 564.5);(446.0, 595.5);(474.5, 581.0);(419.75, 646.0);(506.0, 609.0);(387.0, 648.0);(534.0, 570.5);(404.25, 596.5);(456.5, 566.0);(447.5, 665.0);(493.75, 648.5);(362.25, 609.0);(385.0, 592.0);(319.5, 690.0);(326.75, 669.0)
4.1;videos/cuts_train/fall01.mp4;fallen;(438.75, 573.0);(444.0, 571.5);(449.75, 568.0);(455.75, 594.5);(492.5, 583.5);(414.75, 632.5);(539.0, 623.0);(352.0, 635.0);(538.0, 575.0);(309.0, 693.0);(476.5, 523.0);(426.75, 716.5);(505.25, 705.5);(377.75, 601.0);(436.75, 575.5);(319.25, 695.0);(384.5, 608.0)
4.13;videos/cuts_train/fall01.mp4;fallen;(439.75, 625.5);(450.5, 626.5);(449.5, 620.0);(475.25, 638.0);(483.5, 590.0);(506.5, 696.0);(521.5, 608.0);(396.0, 662.5);(392.75, 602.0);(317.5, 688.0);(326.0, 690.0);(527.5, 709.0);(536.5, 657.0);(364.75, 666.0);(405.25, 610.0);(413.75, 600.0);(461.0, 535.0)
4.17;videos/cuts_train/fall01.mp4;fallen;(466.25, 628.5);(470.0, 627.5);(478.25, 626.5);(499.0, 638.0);(537.0, 622.0);(502.5, 667.5);(556.0, 629.0);(396.0, 632.0);(415.5, 613.5);(324.5, 700.0);(331.25, 692.0);(476.5, 702.0);(509.0, 679.5);(415.0, 615.5);(428.5, 611.0);(329.5, 707.0);(336.5, 695.0)
4.2;videos/cuts_train/fall01.mp4;fallen;(490.75, 632.5);(495.0, 631.5);(501.5, 629.5);(518.0, 638.5);(554.5, 618.0);(518.0, 661.5);(581.5, 621.5);(426.75, 644.5);(474.25, 595.5);(361.5, 662.0);(414.0, 606.0);(490.25, 694.5);(538.0, 673.5);(423.0, 622.5);(446.75, 607.0);(340.0, 704.0);(352.75, 678.5)
4.23;videos/cuts_train/fall01.mp4;fallen;(506.0, 625.0);(512.0, 623.5);(512.0, 621.5);(526.5, 626.0);(566.0, 623.0);(519.0, 636.5);(579.0, 637.5);(433.5, 638.5);(473.0, 625.0);(375.75, 666.0);(412.25, 620.5);(516.5, 680.0);(557.0, 680.0);(432.25, 623.0);(444.5, 618.0);(344.75, 711.5);(354.5, 678.0)
4.6;videos/cuts_train/fall01.mp4;fallen;(500.75, 629.0);(501.75, 626.5);(504.5, 626.0);(502.75, 627.5);(553.5, 624.0);(504.5, 642.0);(574.0, 644.0);(447.5, 683.0);(470.75, 665.0);(402.0, 637.5);(407.25, 624.5);(538.0, 640.0);(587.5, 645.0);(444.0, 680.5);(459.5, 672.0);(406.5, 639.0);(396.25, 622.0)
4.7;videos/cuts_train/fall01.mp4;fallen;(483.25, 632.0);(486.0, 630.0);(489.25, 628.0);(498.25, 634.5);(535.5, 618.0);(486.0, 655.0);(564.5, 624.0);(433.75, 676.0);(485.25, 614.0);(402.0, 641.5);(415.0, 613.5);(518.0, 661.5);(570.0, 643.0);(418.5, 666.5);(456.25, 642.0);(405.5, 648.0);(404.0, 627.5)
4.77;videos/cuts_train/fall01.mp4;fallen;(507.0, 623.5);(508.75, 620.5);(514.0, 619.0);(518.0, 627.5);(554.5, 613.5);(482.5, 666.5);(579.0, 622.5);(421.25, 701.0);(502.25, 607.5);(400.5, 644.5);(417.5, 610.0);(485.25, 680.0);(549.5, 653.0);(417.0, 661.5);(474.0, 629.0);(403.0, 651.5);(409.0, 622.0)
4.83;videos/cuts_train/fall01.mp4;fallen;(513.0, 613.0);(513.0, 609.0);(520.0, 608.5);(511.5, 617.5);(562.5, 614.0);(457.25, 680.5);(583.5, 633.0);(398.25, 729.0);(507.5, 605.5);(403.0, 661.0);(410.25, 615.5);(474.25, 684.0);(552.0, 656.5);(417.75, 661.0);(479.0, 626.0);(402.0, 654.5);(410.0, 606.0)
4.9;videos/cuts_train/fall01.mp4;fallen;(502.0, 616.0);(500.5, 611.0);(508.25, 611.5);(494.0, 616.0);(552.0, 622.5);(446.5, 668.5);(572.0, 652.5);(396.25, 704.5);(499.0, 604.0);(395.5, 652.0);(406.25, 616.5);(489.25, 663.0);(564.5, 661.5);(414.5, 657.0);(461.25, 642.0);(399.75, 641.5);(404.0, 616.0)
4.93;videos/cuts_train/fall01.mp4;fallen;(517.0, 609.0);(518.0, 605.0);(522.5, 604.5);(515.5, 611.0);(568.5, 623.5);(503.0, 644.0);(579.0, 660.0);(439.75, 629.0);(486.0, 605.0);(395.5, 630.0);(402.0, 617.0);(498.5, 659.0);(548.0, 669.5);(429.75, 649.0);(460.0, 644.5);(397.5, 634.0);(397.25, 620.0)
4.97;videos/cuts_train/fall01.mp4;fallen;(512.5, 612.5);(512.0, 608.5);(517.0, 609.0);(511.5, 612.0);(562.0, 628.5);(530.5, 632.0);(568.5, 663.5);(477.0, 600.5);(480.25, 610.5);(399.75, 617.0);(399.5, 618.0);(537.0, 638.0);(561.0, 658.0);(462.75, 629.5);(466.5, 641.5);(399.75, 622.5);(394.25, 622.0)
5.0;videos/cuts_train/fall01.mp4;fallen;(510.75, 609.5);(511.0, 605.5);(516.0, 606.5);(514.0, 608.0);(558.5, 626.0);(526.5, 621.0);(563.5, 665.0);(482.0, 595.5);(472.0, 621.0);(400.25, 619.5);(397.5, 620.0);(534.0, 641.0);(560.5, 670.0);(461.5, 631.5);(456.75, 654.5);(398.75, 623.5);(391.0, 627.0)
5.03;videos/cuts_train/fall01.mp4;fallen;(511.75, 604.5);(513.0, 600.5);(516.5, 601.0);(518.0, 603.5);(558.0, 623.0);(527.0, 615.0);(566.5, 665.0);(477.75, 597.0);(466.25, 649.5);(400.0, 620.5);(396.5, 625.5);(529.0, 644.5);(557.5, 677.0);(464.75, 629.5);(455.25, 657.5);(400.0, 626.0);(389.75, 628.0)
5.1;videos/cuts_train/fall01.mp4;fallen;(506.5, 600.5);(508.0, 597.0);(511.25, 596.5);(513.0, 600.5);(554.0, 620.0);(522.5, 612.5);(567.0, 661.5);(471.5, 600.0);(466.0, 659.5);(400.0, 619.0);(396.25, 626.0);(523.5, 653.0);(556.5, 682.5);(450.25, 637.0);(449.5, 659.0);(397.0, 627.5);(389.75, 626.5)
5.13;videos/cuts_train/fall01.mp4;fallen;(510.75, 603.5);(512.5, 599.0);(516.0, 599.0);(518.0, 601.5);(558.0, 620.5);(516.5, 610.0);(570.0, 663.0);(462.25, 605.0);(459.75, 668.0);(400.0, 618.5);(397.0, 625.0);(513.5, 660.0);(556.0, 692.5);(440.5, 643.0);(447.0, 661.5);(395.25, 629.5);(389.5, 630.0)
5.17;videos/cuts_train/fall01.mp4;fallen;(511.5, 603.5);(513.0, 599.5);(517.0, 599.0);(517.5, 602.0);(557.0, 621.0);(518.5, 610.5);(569.0, 663.0);(464.25, 605.0);(460.75, 662.0);(400.75, 618.5);(397.5, 624.5);(523.0, 655.0);(562.0, 687.5);(445.75, 640.0);(449.25, 661.0);(396.0, 629.0);(390.0, 631.0)
5.2;videos/cuts_train/fall01.mp4;fallen;(513.0, 606.0);(513.5, 602.0);(518.0, 601.5);(516.0, 604.5);(559.0, 622.0);(522.0, 616.0);(571.5, 663.5);(477.0, 600.0);(473.0, 639.5);(402.0, 619.5);(399.75, 622.5);(517.0, 658.5);(554.0, 687.5);(445.75, 641.0);(451.5, 658.0);(396.25, 629.5);(391.5, 629.0)
5.23;videos/cuts_train/fall01.mp4;fallen;(513.5, 609.0);(516.0, 604.5);(519.0, 604.5);(524.0, 609.0);(561.5, 623.0);(524.5, 616.5);(573.0, 662.5);(473.25, 601.0);(465.25, 643.5);(397.0, 620.5);(396.25, 625.0);(534.5, 639.0);(567.5, 671.5);(466.0, 629.5);(458.5, 657.0);(399.5, 625.5);(391.5, 633.5)
5.27;videos/cuts_train/fall01.mp4;fallen;(513.0, 607.5);(514.5, 603.5);(518.0, 603.0);(517.0, 606.5);(562.0, 624.0);(522.5, 620.0);(572.5, 667.0);(471.0, 602.0);(472.0, 638.5);(401.25, 619.0);(399.0, 622.0);(523.5, 649.5);(560.0, 678.0);(462.0, 632.0);(463.75, 648.5);(398.5, 627.0);(392.0, 628.0)
5.3;videos/cuts_train/fall01.mp4;fallen;(513.0, 607.5);(514.0, 603.5);(518.0, 604.0);(520.0, 605.5);(559.0, 623.0);(526.0, 620.5);(567.5, 664.5);(480.75, 597.0);(473.5, 626.5);(402.75, 619.5);(400.75, 621.0);(525.0, 657.0);(559.0, 683.0);(438.25, 650.5);(453.25, 661.0);(396.75, 629.5);(393.0, 628.5)
